alias,canonical
2015.343971.niddesa text,KN
2015.343971.niddesa   text,KN
abhi chart,Supplemental
supplemental,Supplemental
alwiskaccayana,Supplemental
andersen1,AN
andersen2,AN
anguttaracontents,AN
supplemental,AN
anguttaranikaya1,AN
anguttaranikaya2 (1),AN
anguttaranikaya2 1,AN
anguttaranikaya3,AN
anguttaranikaya4 (1),AN
anguttaranikaya4 1,AN
anguttaranikaya5 (1),AN
anguttaranikaya5 1,AN
aranyakandam,Supplemental
atthasalini,Supplemental
ayodhyakandam,Supplemental
balakandam,Supplemental
bealdhammapada,Dhammapada
bodhiancientnuns,Supplemental
bpsanguttara1 1,AN
bpsanguttara1 (1),AN
bpsanguttara2,AN
bpsanguttara3 1,AN
bpsanguttara3 (1),AN
bpssamyutta1,SN
bpssamyutta2,SN
bpssamyutta3,SN
supplemental,SN
bpssamyuttaindex,SN
bpsstories1,Supplemental
bpsstories2,Supplemental
bpsstories3,Supplemental
bpsstories4,Supplemental
buddhavamsa,KN
cariyapitaka,KN
chanting sirimangalo,Supplemental
chantingbook,Supplemental
childersdictionary,Supplemental
childersnotes,Supplemental
coomaraswamysuttanipata,KN
cowelljataka1,Jātaka
cowelljataka2,Jātaka
cowelljataka3,Jātaka
cowelljataka4,Jātaka
cowelljataka5,Jātaka
cowelljataka6,Jātaka
vinaya,Vinaya
culavagga,Vinaya
dhammapada,Dhammapada
supplemental,Dhammapada
dhammapadaillustrated,Dhammapada
dhammapadatthakatha1,Dhammapada
abhidhamma,Abhidhamma
dhammasangani,Abhidhamma
dhatukatha,Abhidhamma
dialogues1,DN
dialogues2,DN
dialogues3,DN
dighacontents,DN
supplemental,DN
dighanikaya1,DN
dighanikaya2,DN
dukapatthana,Abhidhamma
edmundsdhammapada,Dhammapada
elwellninejatakas,Jātaka
fausbolldasaratha,KN
fausbolldhammapada,Dhammapada
fausbollfivejatakas,Jātaka
fausbollsuttanipata,KN
fausbolltenjatakas,Jātaka
fausbolltwojatakas,Jātaka
frankfurter,Supplemental
handfulofleaves1,Supplemental
handfulofleaves3,Supplemental
itivuttaka,KN
jacobsfairytales,Supplemental
jataka1,Jātaka
jataka2,Jātaka
jataka3,Jātaka
jataka4,Jātaka
jataka5,Jātaka
jataka6,Jātaka
jatakaindexes,Jātaka
supplemental,Jātaka
jatakamala,Jātaka
jatakatoc,Jātaka
jatakavocabulary,Jātaka
jinacarita,KN
jraskhuddakapatha,KN
kathavatthu1,Abhidhamma
kathavatthu2,Abhidhamma
kathavatthucommentary,Supplemental
kawasaki1,Supplemental
kawasaki2,Supplemental
kawasaki3,Supplemental
kawasaki4,Supplemental
kawasaki5,Supplemental
khuddakapatha,KN
khuddasikkha,Supplemental
kishkhindakandam,Supplemental
legends1,Supplemental
legends2,Supplemental
legends3,Supplemental
legendsillustration,Supplemental
legendsindex,Supplemental
legendsintro,Supplemental
legendssynopses,Supplemental
legendstoc,Supplemental
mahavagga,Vinaya
supplemental,MN
majjhimacontents,MN
majjhimaindexes,MN
majjhimanikaya1,MN
majjhimanikaya2,MN
majjhimanikaya3,MN
maungtinatthasalini2,Supplemental
maungtindictionary,Supplemental
maungtinreader,Supplemental
milindapanha,KN
mooresayings,Supplemental
mullerdhammapada,Dhammapada
mullergrammar,Supplemental
netti pakaraua text,KN
nettipakarana,KN
niddesa02pali,KN
niddesa1,KN
niddesa2,KN
niddesa3,KN
nyanamoli a thinkers notebook,Supplemental
oldenbergindexes,Supplemental
oldenbergvinaya1,Vinaya
oldenbergvinaya2,Vinaya
oldenbergvinaya3,Vinaya
oldenburgjatakas,Jātaka
pacittiya,Vinaya
palicanonanalysis,Supplemental
paliunseens,Supplemental
parajika,Vinaya
paramatthadipani3,Supplemental
paramatthadipani4,Supplemental
paramatthadipani6,Supplemental
paramatthajotika1,Supplemental
parittaextracts,Supplemental
parivara,Vinaya
pathofpurification2011,Supplemental
patimokkha,Vinaya
patisambhidamagga text,KN
patisambhidamagga1,KN
patisambhidamagga2,KN
patisambhidamaggaindex,Supplemental
petakopadesa,KN
petavatthu 1,KN
petavatthu (1),KN
pointsofcontroversy,Supplemental
pts patisambhidamagga vol ii taylor 1907,KN
puggalacommentary,Supplemental
puggalapannatti,Abhidhamma
rdquestions1,Supplemental
rdquestions2,Supplemental
rhysdavidsdhammasangani,Abhidhamma
rhysdavidsjataka1,Jātaka
rhysdavidspsalmsisters,KN
rogersparables,Supplemental
rousegiantcrab,KN
rouseindex,Supplemental
samyuttacontents,SN
samyuttaindexes,SN
samyuttanikaya1 (1),SN
samyuttanikaya1 1,SN
samyuttanikaya2 1,SN
samyuttanikaya2 (1),SN
samyuttanikaya3 (1),SN
samyuttanikaya3 1,SN
samyuttanikaya4 1,SN
samyuttanikaya4 (1),SN
samyuttanikaya5 1,SN
samyuttanikaya5 (1),SN
speyerjatakamala,Jātaka
stjohntemiyajataka,Jātaka
strongudana,KN
sumangalavilasini1,Supplemental
sundarakandam,Supplemental
suttanipata,KN
thanissarodhammapada,Dhammapada
"the 'petakopadesa', with critical apparatus and commentary",Supplemental
theragatha 1,KN
theragatha (1),KN
theragatha,KN
therigatha,KN
tikapatthana1,Abhidhamma
tikapatthana2,Abhidhamma
tilbegrammar,Supplemental
tilbelessons,Supplemental
trencknermiscellany,Supplemental
udana,KN
uttarakandam,Supplemental
vessantara,KN
vibhanga,Abhidhamma
vimanavatthu (1),KN
vimanavatthu 1,KN
vinayacontents,Supplemental
vinayaindexes,Supplemental
xanguttaraindexes,AN
yamakacommentary,Supplemental
yuddhakandam,Supplemental
